cyclopropane|90|72000|keb2|2688|/pfs/proj/nobackup/fs/projnb10/alexandria/spoel/MDBenchmark/melting/cyclopropane/90|melting-npt-y_260_NPTY.log|melting-npt-y_260_NPTY.cpt|melting-npt-y_260_NPTY.tpr|melting-npt-y_260_NPTY.trr|melting-npt-y_260_NPTY.edr|melting-npt-y_260_NPTY.gro|1660866600.0
furan|37|40021.6|keb2|2048|/pfs/proj/nobackup/fs/projnb10/alexandria/spoel/MDBenchmark/melting/furan/37|melting-npt-y_60_NPTY.log|melting-npt-y_60_NPTY.cpt|melting-npt-y_60_NPTY.tpr|melting-npt-y_60_NPTY.trr|melting-npt-y_60_NPTY.edr|melting-npt-y_60_NPTY.gro|1661051792.0
furan|87|70059.6|keb2|2048|/pfs/proj/nobackup/fs/projnb10/alexandria/spoel/MDBenchmark/melting/furan/87|melting-npt-y_60_NPTY.log|melting-npt-y_60_NPTY.cpt|melting-npt-y_60_NPTY.tpr|melting-npt-y_60_NPTY.trr|melting-npt-y_60_NPTY.edr|melting-npt-y_60_NPTY.gro|1661060943.0
furan|122|40000|keb2|2048|/pfs/proj/nobackup/fs/projnb10/alexandria/spoel/MDBenchmark/melting/furan/122|melting-npt-y_60_NPTY.log|melting-npt-y_60_NPTY.cpt|melting-npt-y_60_NPTY.tpr|melting-npt-y_60_NPTY.trr|melting-npt-y_60_NPTY.edr|melting-npt-y_60_NPTY.gro|1660711122.0
furan|132|40000|keb2|2048|/pfs/proj/nobackup/fs/projnb10/alexandria/spoel/MDBenchmark/melting/furan/132|melting-npt-y_40_NPTY.log|melting-npt-y_40_NPTY.cpt|melting-npt-y_40_NPTY.tpr|melting-npt-y_40_NPTY.trr|melting-npt-y_40_NPTY.edr|melting-npt-y_40_NPTY.gro|1660710829.0
123-benzenetriol|368|110000|keb2|3400|/pfs/proj/nobackup/fs/projnb10/alexandria/spoel/MDBenchmark/melting/123-benzenetriol/368|melting-npt-y_260_NPTY.log|melting-npt-y_260_NPTY.cpt|melting-npt-y_260_NPTY.tpr|melting-npt-y_260_NPTY.trr|melting-npt-y_260_NPTY.edr|melting-npt-y_260_NPTY.gro|1660920518.0
123-benzenetriol|378|130000|keb2|3400|/pfs/proj/nobackup/fs/projnb10/alexandria/spoel/MDBenchmark/melting/123-benzenetriol/378|melting-npt-y_210_NPTY.log|melting-npt-y_210_NPTY.cpt|melting-npt-y_210_NPTY.tpr|melting-npt-y_210_NPTY.trr|melting-npt-y_210_NPTY.edr|melting-npt-y_210_NPTY.gro|1660943282.0
123-benzenetriol|388|100000|keb2|3400|/pfs/proj/nobackup/fs/projnb10/alexandria/spoel/MDBenchmark/melting/123-benzenetriol/388|melting-npt-y_210_NPTY.log|melting-npt-y_210_NPTY.cpt|melting-npt-y_210_NPTY.tpr|melting-npt-y_210_NPTY.trr|melting-npt-y_210_NPTY.edr|melting-npt-y_210_NPTY.gro|1660802644.0
123-benzenetriol|398|37000|keb2|3400|/pfs/proj/nobackup/fs/projnb10/alexandria/spoel/MDBenchmark/melting/123-benzenetriol/398|melting-npt-y_7_NPTY.log|melting-npt-y_7_NPTY.cpt|melting-npt-y_7_NPTY.tpr|melting-npt-y_7_NPTY.trr|melting-npt-y_7_NPTY.edr|melting-npt-y_7_NPTY.gro|1660803067.0
123-benzenetriol|408|30000|keb2|3400|/pfs/proj/nobackup/fs/projnb10/alexandria/spoel/MDBenchmark/melting/123-benzenetriol/408|melting-npt-y_40_NPTY.log|melting-npt-y_40_NPTY.cpt|melting-npt-y_40_NPTY.tpr|melting-npt-y_40_NPTY.trr|melting-npt-y_40_NPTY.edr|melting-npt-y_40_NPTY.gro|1660800295.0
123-benzenetriol|418|37000|keb2|3400|/pfs/proj/nobackup/fs/projnb10/alexandria/spoel/MDBenchmark/melting/123-benzenetriol/418|melting-npt-y_7_NPTY.log|melting-npt-y_7_NPTY.cpt|melting-npt-y_7_NPTY.tpr|melting-npt-y_7_NPTY.trr|melting-npt-y_7_NPTY.edr|melting-npt-y_7_NPTY.gro|1660801195.0
123-benzenetriol|433|30000|keb2|3400|/pfs/proj/nobackup/fs/projnb10/alexandria/spoel/MDBenchmark/melting/123-benzenetriol/433|melting-npt-y_20_NPTY.log|melting-npt-y_20_NPTY.cpt|melting-npt-y_20_NPTY.tpr|melting-npt-y_20_NPTY.trr|melting-npt-y_20_NPTY.edr|melting-npt-y_20_NPTY.gro|1660800412.0
123-benzenetriol|438|37000|keb2|3400|/pfs/proj/nobackup/fs/projnb10/alexandria/spoel/MDBenchmark/melting/123-benzenetriol/438|melting-npt-y_7_NPTY.log|melting-npt-y_7_NPTY.cpt|melting-npt-y_7_NPTY.tpr|melting-npt-y_7_NPTY.trr|melting-npt-y_7_NPTY.edr|melting-npt-y_7_NPTY.gro|1660800122.0
12-benzenediol|327|22000|keb2|3168|/pfs/proj/nobackup/fs/projnb10/alexandria/spoel/MDBenchmark/melting/12-benzenediol/327|melting-npt-y.log|melting-npt-y.cpt|melting-npt-y.tpr|melting-npt-y.trr|melting-npt-y.edr|NPT2.gro|1660642636.0
12-benzenediol|332|22000|keb2|3168|/pfs/proj/nobackup/fs/projnb10/alexandria/spoel/MDBenchmark/melting/12-benzenediol/332|melting-npt-y.log|melting-npt-y.cpt|melting-npt-y.tpr|melting-npt-y.trr|melting-npt-y.edr|NPT2.gro|1660663209.0
12-benzenediol|337|40000|keb2|3168|/pfs/proj/nobackup/fs/projnb10/alexandria/spoel/MDBenchmark/melting/12-benzenediol/337|melting-npt-y_40_NPTY.log|melting-npt-y_40_NPTY.cpt|melting-npt-y_40_NPTY.tpr|melting-npt-y_40_NPTY.trr|melting-npt-y_40_NPTY.edr|NPT2.gro|1660640908.0
12-benzenediol|342|22000|keb2|3168|/pfs/proj/nobackup/fs/projnb10/alexandria/spoel/MDBenchmark/melting/12-benzenediol/342|melting-npt-y.log|melting-npt-y.cpt|melting-npt-y.tpr|melting-npt-y.trr|melting-npt-y.edr|NPT2.gro|1660642118.0
12-benzenediol|347|22000|keb2|3168|/pfs/proj/nobackup/fs/projnb10/alexandria/spoel/MDBenchmark/melting/12-benzenediol/347|melting-npt-y.log|melting-npt-y.cpt|melting-npt-y.tpr|melting-npt-y.trr|melting-npt-y.edr|NPT2.gro|1660639830.0
12-benzenediol|352|40000|keb2|3168|/pfs/proj/nobackup/fs/projnb10/alexandria/spoel/MDBenchmark/melting/12-benzenediol/352|melting-npt-y_40_NPTY.log|melting-npt-y_40_NPTY.cpt|melting-npt-y_40_NPTY.tpr|melting-npt-y_40_NPTY.trr|melting-npt-y_40_NPTY.edr|NPT2.gro|1660640762.0
12-benzenediol|357|27000|keb2|3168|/pfs/proj/nobackup/fs/projnb10/alexandria/spoel/MDBenchmark/melting/12-benzenediol/357|melting-npt-y_7_NPTY.log|melting-npt-y_7_NPTY.cpt|melting-npt-y_7_NPTY.tpr|melting-npt-y_7_NPTY.trr|melting-npt-y_7_NPTY.edr|NPT2.gro|1660639572.0
12-benzenediol|372|40000|keb2|3168|/pfs/proj/nobackup/fs/projnb10/alexandria/spoel/MDBenchmark/melting/12-benzenediol/372|melting-npt-y_80_NPTY.log|melting-npt-y_80_NPTY.cpt|melting-npt-y_80_NPTY.tpr|melting-npt-y_80_NPTY.trr|melting-npt-y_80_NPTY.edr|melting-npt-y_80_NPTY.gro|1660845216.0
12-benzenediol|377|100000|keb2|3168|/pfs/proj/nobackup/fs/projnb10/alexandria/spoel/MDBenchmark/melting/12-benzenediol/377|melting-npt-y_80_NPTY.log|melting-npt-y_80_NPTY.cpt|melting-npt-y_80_NPTY.tpr|melting-npt-y_80_NPTY.trr|melting-npt-y_80_NPTY.edr|NPT2.gro|1660642068.0
12-benzenediol|382|37000|keb2|3168|/pfs/proj/nobackup/fs/projnb10/alexandria/spoel/MDBenchmark/melting/12-benzenediol/382|melting-npt-y_7_NPTY.log|melting-npt-y_7_NPTY.cpt|melting-npt-y_7_NPTY.tpr|melting-npt-y_7_NPTY.trr|melting-npt-y_7_NPTY.edr|melting-npt-y_7_NPTY.gro|1660787134.0
12-benzenediol|392|150000|keb2|3168|/pfs/proj/nobackup/fs/projnb10/alexandria/spoel/MDBenchmark/melting/12-benzenediol/392|melting-npt-y_320_NPTY.log|melting-npt-y_320_NPTY.cpt|melting-npt-y_320_NPTY.tpr|melting-npt-y_320_NPTY.trr|melting-npt-y_320_NPTY.edr|melting-npt-y_320_NPTY.gro|1661311765.0
12-benzenediol|402|40000|keb2|3168|/pfs/proj/nobackup/fs/projnb10/alexandria/spoel/MDBenchmark/melting/12-benzenediol/402|melting-npt-y_40_NPTY.log|melting-npt-y_40_NPTY.cpt|melting-npt-y_40_NPTY.tpr|melting-npt-y_40_NPTY.trr|melting-npt-y_40_NPTY.edr|melting-npt-y_40_NPTY.gro|1660838695.0
12-benzenediol|412|40000|keb2|3168|/pfs/proj/nobackup/fs/projnb10/alexandria/spoel/MDBenchmark/melting/12-benzenediol/412|melting-npt-y_40_NPTY.log|melting-npt-y_40_NPTY.cpt|melting-npt-y_40_NPTY.tpr|melting-npt-y_40_NPTY.trr|melting-npt-y_40_NPTY.edr|melting-npt-y_40_NPTY.gro|1660838648.0
14-benzoquinone|368|30000|keb2|2304|/pfs/proj/nobackup/fs/projnb10/alexandria/spoel/MDBenchmark/melting/14-benzoquinone/368|melting-npt-y_47_NPTY.log|melting-npt-y_47_NPTY.cpt|melting-npt-y_47_NPTY.tpr|melting-npt-y_47_NPTY.trr|melting-npt-y_47_NPTY.edr|melting-npt-y_47_NPTY.gro|1660842317.0
14-benzoquinone|378|30000|keb2|2304|/pfs/proj/nobackup/fs/projnb10/alexandria/spoel/MDBenchmark/melting/14-benzoquinone/378|melting-npt-y_47_NPTY.log|melting-npt-y_47_NPTY.cpt|melting-npt-y_47_NPTY.tpr|melting-npt-y_47_NPTY.trr|melting-npt-y_47_NPTY.edr|melting-npt-y_47_NPTY.gro|1660842262.0
14-benzoquinone|403|30000|keb2|2304|/pfs/proj/nobackup/fs/projnb10/alexandria/spoel/MDBenchmark/melting/14-benzoquinone/403|melting-npt-y_47_NPTY.log|melting-npt-y_47_NPTY.cpt|melting-npt-y_47_NPTY.tpr|melting-npt-y_47_NPTY.trr|melting-npt-y_47_NPTY.edr|melting-npt-y_47_NPTY.gro|1660840532.0
14-benzoquinone|413|30000|keb2|2304|/pfs/proj/nobackup/fs/projnb10/alexandria/spoel/MDBenchmark/melting/14-benzoquinone/413|melting-npt-y_20_NPTY.log|melting-npt-y_20_NPTY.cpt|melting-npt-y_20_NPTY.tpr|melting-npt-y_20_NPTY.trr|melting-npt-y_20_NPTY.edr|melting-npt-y_20_NPTY.gro|1660840844.0
acetamide|254|40000|keb2|3600|/pfs/proj/nobackup/fs/projnb10/alexandria/spoel/MDBenchmark/melting/acetamide/254|melting-npt-y_60_NPTY.log|melting-npt-y_60_NPTY.cpt|melting-npt-y_60_NPTY.tpr|melting-npt-y_60_NPTY.trr|melting-npt-y_60_NPTY.edr|melting-npt-y_60_NPTY.gro|1660826970.0
acetamide|279|27191.8|keb2|3600|/pfs/proj/nobackup/fs/projnb10/alexandria/spoel/MDBenchmark/melting/acetamide/279|melting-npt-y_60_NPTY.log|melting-npt-y_60_NPTY.cpt|melting-npt-y_60_NPTY.tpr|melting-npt-y_60_NPTY.trr|melting-npt-y_60_NPTY.edr|melting-npt-y_60_NPTY.gro|1660828605.0
acetamide|289|60059|keb2|3600|/pfs/proj/nobackup/fs/projnb10/alexandria/spoel/MDBenchmark/melting/acetamide/289|melting-npt-y_40_NPTY.log|melting-npt-y_40_NPTY.cpt|melting-npt-y_40_NPTY.tpr|melting-npt-y_40_NPTY.trr|melting-npt-y_40_NPTY.edr|melting-npt-y_40_NPTY.gro|1661068531.0
acetamide|294|60059|keb2|3600|/pfs/proj/nobackup/fs/projnb10/alexandria/spoel/MDBenchmark/melting/acetamide/294|melting-npt-y_40_NPTY.log|melting-npt-y_40_NPTY.cpt|melting-npt-y_40_NPTY.tpr|melting-npt-y_40_NPTY.trr|melting-npt-y_40_NPTY.edr|melting-npt-y_40_NPTY.gro|1661068958.0
acetamide|299|60059.2|keb2|3600|/pfs/proj/nobackup/fs/projnb10/alexandria/spoel/MDBenchmark/melting/acetamide/299|melting-npt-y_40_NPTY.log|melting-npt-y_40_NPTY.cpt|melting-npt-y_40_NPTY.tpr|melting-npt-y_40_NPTY.trr|melting-npt-y_40_NPTY.edr|melting-npt-y_40_NPTY.gro|1661068960.0
acetamide|304|40000|keb2|3600|/pfs/proj/nobackup/fs/projnb10/alexandria/spoel/MDBenchmark/melting/acetamide/304|melting-npt-y_80_NPTY.log|melting-npt-y_80_NPTY.cpt|melting-npt-y_80_NPTY.tpr|melting-npt-y_80_NPTY.trr|melting-npt-y_80_NPTY.edr|NPT2.gro|1660645775.0
acetamide|309|40000|keb2|3600|/pfs/proj/nobackup/fs/projnb10/alexandria/spoel/MDBenchmark/melting/acetamide/309|melting-npt-y_80_NPTY.log|melting-npt-y_80_NPTY.cpt|melting-npt-y_80_NPTY.tpr|melting-npt-y_80_NPTY.trr|melting-npt-y_80_NPTY.edr|melting-npt-y_80_NPTY.gro|1660827526.0
acetamide|314|40000|keb2|3600|/pfs/proj/nobackup/fs/projnb10/alexandria/spoel/MDBenchmark/melting/acetamide/314|melting-npt-y_60_NPTY.log|melting-npt-y_60_NPTY.cpt|melting-npt-y_60_NPTY.tpr|melting-npt-y_60_NPTY.trr|melting-npt-y_60_NPTY.edr|NPT2.gro|1660641676.0
acetamide|319|40000|keb2|3600|/pfs/proj/nobackup/fs/projnb10/alexandria/spoel/MDBenchmark/melting/acetamide/319|melting-npt-y_20_NPTY.log|melting-npt-y_20_NPTY.cpt|melting-npt-y_20_NPTY.tpr|melting-npt-y_20_NPTY.trr|melting-npt-y_20_NPTY.edr|melting-npt-y_20_NPTY.gro|1660823676.0
acetamide|324|40000|keb2|3600|/pfs/proj/nobackup/fs/projnb10/alexandria/spoel/MDBenchmark/melting/acetamide/324|melting-npt-y_20_NPTY.log|melting-npt-y_20_NPTY.cpt|melting-npt-y_20_NPTY.tpr|melting-npt-y_20_NPTY.trr|melting-npt-y_20_NPTY.edr|NPT2.gro|1660642028.0
acetamide|329|40000|keb2|3600|/pfs/proj/nobackup/fs/projnb10/alexandria/spoel/MDBenchmark/melting/acetamide/329|melting-npt-y_20_NPTY.log|melting-npt-y_20_NPTY.cpt|melting-npt-y_20_NPTY.tpr|melting-npt-y_20_NPTY.trr|melting-npt-y_20_NPTY.edr|melting-npt-y_20_NPTY.gro|1660823428.0
acooh|189|180060|keb2|3072|/pfs/proj/nobackup/fs/projnb10/alexandria/spoel/MDBenchmark/melting/acooh/189|melting-npt-y_360_NPTY.log|melting-npt-y_360_NPTY.cpt|melting-npt-y_360_NPTY.tpr|melting-npt-y_360_NPTY.trr|melting-npt-y_360_NPTY.edr|melting-npt-y_360_NPTY.gro|1661058491.0
acooh|229|60060|keb2|3072|/pfs/proj/nobackup/fs/projnb10/alexandria/spoel/MDBenchmark/melting/acooh/229|melting-npt-y_120_NPTY.log|melting-npt-y_120_NPTY.cpt|melting-npt-y_120_NPTY.tpr|melting-npt-y_120_NPTY.trr|melting-npt-y_120_NPTY.edr|melting-npt-y_120_NPTY.gro|1661058760.0
acooh|249|80059|keb2|3072|/pfs/proj/nobackup/fs/projnb10/alexandria/spoel/MDBenchmark/melting/acooh/249|melting-npt-y_100_NPTY.log|melting-npt-y_100_NPTY.cpt|melting-npt-y_100_NPTY.tpr|melting-npt-y_100_NPTY.trr|melting-npt-y_100_NPTY.edr|melting-npt-y_100_NPTY.gro|1661058117.0
acooh|269|60060.2|keb2|3072|/pfs/proj/nobackup/fs/projnb10/alexandria/spoel/MDBenchmark/melting/acooh/269|melting-npt-y_140_NPTY.log|melting-npt-y_140_NPTY.cpt|melting-npt-y_140_NPTY.tpr|melting-npt-y_140_NPTY.trr|melting-npt-y_140_NPTY.edr|melting-npt-y_140_NPTY.gro|1661058131.0
acooh|289|40059.8|keb2|3072|/pfs/proj/nobackup/fs/projnb10/alexandria/spoel/MDBenchmark/melting/acooh/289|melting-npt-y_120_NPTY.log|melting-npt-y_120_NPTY.cpt|melting-npt-y_120_NPTY.tpr|melting-npt-y_120_NPTY.trr|melting-npt-y_120_NPTY.edr|melting-npt-y_120_NPTY.gro|1661058551.0
acooh|294|40054.2|keb2|3072|/pfs/proj/nobackup/fs/projnb10/alexandria/spoel/MDBenchmark/melting/acooh/294|melting-npt-y_120_NPTY.log|melting-npt-y_120_NPTY.cpt|melting-npt-y_120_NPTY.tpr|melting-npt-y_120_NPTY.trr|melting-npt-y_120_NPTY.edr|melting-npt-y_120_NPTY.gro|1661056970.0
acooh|299|6.0004e+07|keb2|3072|/pfs/proj/nobackup/fs/projnb10/alexandria/spoel/MDBenchmark/melting/acooh/299|melting-npt-y_70_NPTY.log|melting-npt-y_70_NPTY.cpt|melting-npt-y_70_NPTY.tpr|melting-npt-y_70_NPTY.trr|melting-npt-y_70_NPTY.edr|melting-npt-y_70_NPTY.gro|1661088608.0
benzene|128|22000|keb2|3072|/pfs/proj/nobackup/fs/projnb10/alexandria/spoel/MDBenchmark/melting/benzene/128|melting-npt-y.log|melting-npt-y.cpt|melting-npt-y.tpr|melting-npt-y.trr|melting-npt-y.edr|NPT2.gro|1660622874.0
benzene|178|22000|keb2|3072|/pfs/proj/nobackup/fs/projnb10/alexandria/spoel/MDBenchmark/melting/benzene/178|melting-npt-y.log|melting-npt-y.cpt|melting-npt-y.tpr|melting-npt-y.trr|melting-npt-y.edr|NPT2.gro|1660620517.0
benzene|203|22000|keb2|3072|/pfs/proj/nobackup/fs/projnb10/alexandria/spoel/MDBenchmark/melting/benzene/203|melting-npt-y.log|melting-npt-y.cpt|melting-npt-y.tpr|melting-npt-y.trr|melting-npt-y.edr|melting-npt-y.gro|1660804242.0
benzene|208|2000|keb2|3072|/pfs/proj/nobackup/fs/projnb10/alexandria/spoel/MDBenchmark/melting/benzene/208|melting-npt-y.log|melting-npt-y.cpt|melting-npt-y.tpr|melting-npt-y.trr|melting-npt-y.edr|melting-npt-y.gro|1661339001.0
benzene|213|2000|keb2|3072|/pfs/proj/nobackup/fs/projnb10/alexandria/spoel/MDBenchmark/melting/benzene/213|melting-npt-y.log|melting-npt-y.cpt|melting-npt-y.tpr|melting-npt-y.trr|melting-npt-y.edr|melting-npt-y.gro|1661339034.0
benzene|218|2000|keb2|3072|/pfs/proj/nobackup/fs/projnb10/alexandria/spoel/MDBenchmark/melting/benzene/218|melting-npt-y.log|melting-npt-y.cpt|melting-npt-y.tpr|melting-npt-y.trr|melting-npt-y.edr|melting-npt-y.gro|1661339065.0
benzene|223|2000|keb2|3072|/pfs/proj/nobackup/fs/projnb10/alexandria/spoel/MDBenchmark/melting/benzene/223|melting-npt-y.log|melting-npt-y.cpt|melting-npt-y.tpr|melting-npt-y.trr|melting-npt-y.edr|melting-npt-y.gro|1661338414.0
benzene|253|16000|keb2|3072|/pfs/proj/nobackup/fs/projnb10/alexandria/spoel/MDBenchmark/melting/benzene/253|melting-npt-y_2.log|melting-npt-y_2.cpt|melting-npt-y_2.tpr|melting-npt-y_2.trr|melting-npt-y_2.edr|melting-npt-y_2.gro|1661259557.0
benzene|258|16000|keb2|3072|/pfs/proj/nobackup/fs/projnb10/alexandria/spoel/MDBenchmark/melting/benzene/258|melting-npt-y_2.log|melting-npt-y_2.cpt|melting-npt-y_2.tpr|melting-npt-y_2.trr|melting-npt-y_2.edr|melting-npt-y_2.gro|1661259684.0
benzene|263|16000|keb2|3072|/pfs/proj/nobackup/fs/projnb10/alexandria/spoel/MDBenchmark/melting/benzene/263|melting-npt-y_2.log|melting-npt-y_2.cpt|melting-npt-y_2.tpr|melting-npt-y_2.trr|melting-npt-y_2.edr|melting-npt-y_2.gro|1661259695.0
cyclohexane|129|40000|keb2|2520|/pfs/proj/nobackup/fs/projnb10/alexandria/spoel/MDBenchmark/melting/cyclohexane/129|melting-npt-y_40_NPTY.log|melting-npt-y_40_NPTY.cpt|melting-npt-y_40_NPTY.tpr|melting-npt-y_40_NPTY.trr|melting-npt-y_40_NPTY.edr|NPT2.gro|1660657646.0
cyclohexane|184|60000|keb2|2520|/pfs/proj/nobackup/fs/projnb10/alexandria/spoel/MDBenchmark/melting/cyclohexane/184|melting-npt-y_40_NPTY.log|melting-npt-y_40_NPTY.cpt|melting-npt-y_40_NPTY.tpr|melting-npt-y_40_NPTY.trr|melting-npt-y_40_NPTY.edr|NPT2.gro|1660658920.0
cyclohexane|204|62000|keb2|2520|/pfs/proj/nobackup/fs/projnb10/alexandria/spoel/MDBenchmark/melting/cyclohexane/204|melting-npt-y_80_NPTY.log|melting-npt-y_80_NPTY.cpt|melting-npt-y_80_NPTY.tpr|melting-npt-y_80_NPTY.trr|melting-npt-y_80_NPTY.edr|melting-npt-y_80_NPTY.gro|1661336412.0
cyclohexane|209|102000|keb2|2520|/pfs/proj/nobackup/fs/projnb10/alexandria/spoel/MDBenchmark/melting/cyclohexane/209|melting-npt-y_200_NPTY.log|melting-npt-y_200_NPTY.cpt|melting-npt-y_200_NPTY.tpr|melting-npt-y_200_NPTY.trr|melting-npt-y_200_NPTY.edr|melting-npt-y_200_NPTY.gro|1661336995.0
ethanol|109|40000|keb2|3200|/pfs/proj/nobackup/fs/projnb10/alexandria/spoel/MDBenchmark/melting/ethanol/109|melting-npt-y_20_NPTY.log|melting-npt-y_20_NPTY.cpt|melting-npt-y_20_NPTY.tpr|melting-npt-y_20_NPTY.trr|melting-npt-y_20_NPTY.edr|NPT2.gro|1660613659.0
ethanol|114|40000|keb2|3200|/pfs/proj/nobackup/fs/projnb10/alexandria/spoel/MDBenchmark/melting/ethanol/114|melting-npt-y_20_NPTY.log|melting-npt-y_20_NPTY.cpt|melting-npt-y_20_NPTY.tpr|melting-npt-y_20_NPTY.trr|melting-npt-y_20_NPTY.edr|NPT2.gro|1660611559.0
ethanol|119|552|keb2|3200|/pfs/proj/nobackup/fs/projnb10/alexandria/spoel/MDBenchmark/melting/ethanol/119|melting-npt-y_20_NPTY.log|melting-npt-y_20_NPTY.cpt|melting-npt-y_20_NPTY.tpr|melting-npt-y_20_NPTY.trr|melting-npt-y_20_NPTY.edr||1660546604.0
ethanol|124|40000|keb2|3200|/pfs/proj/nobackup/fs/projnb10/alexandria/spoel/MDBenchmark/melting/ethanol/124|melting-npt-y_20_NPTY.log|melting-npt-y_20_NPTY.cpt|melting-npt-y_20_NPTY.tpr|melting-npt-y_20_NPTY.trr|melting-npt-y_20_NPTY.edr|NPT2.gro|1660612295.0
ethanol|129|40000|keb2|3200|/pfs/proj/nobackup/fs/projnb10/alexandria/spoel/MDBenchmark/melting/ethanol/129|melting-npt-y_20_NPTY.log|melting-npt-y_20_NPTY.cpt|melting-npt-y_20_NPTY.tpr|melting-npt-y_20_NPTY.trr|melting-npt-y_20_NPTY.edr|NPT2.gro|1660611389.0
ethanol|134|40000|keb2|3200|/pfs/proj/nobackup/fs/projnb10/alexandria/spoel/MDBenchmark/melting/ethanol/134|melting-npt-y_20_NPTY.log|melting-npt-y_20_NPTY.cpt|melting-npt-y_20_NPTY.tpr|melting-npt-y_20_NPTY.trr|melting-npt-y_20_NPTY.edr|NPT2.gro|1660612186.0
ethanol|139|40000|keb2|3200|/pfs/proj/nobackup/fs/projnb10/alexandria/spoel/MDBenchmark/melting/ethanol/139|melting-npt-y_20_NPTY.log|melting-npt-y_20_NPTY.cpt|melting-npt-y_20_NPTY.tpr|melting-npt-y_20_NPTY.trr|melting-npt-y_20_NPTY.edr|NPT2.gro|1660610828.0
ethanol|144|120000|keb2|3200|/pfs/proj/nobackup/fs/projnb10/alexandria/spoel/MDBenchmark/melting/ethanol/144|melting-npt-y_240_NPTY.log|melting-npt-y_240_NPTY.cpt|melting-npt-y_240_NPTY.tpr|melting-npt-y_240_NPTY.trr|melting-npt-y_240_NPTY.edr|NPT2.gro|1660611931.0
ethanol|149|160000|keb2|3200|/pfs/proj/nobackup/fs/projnb10/alexandria/spoel/MDBenchmark/melting/ethanol/149|melting-npt-y_420_NPTY.log|melting-npt-y_420_NPTY.cpt|melting-npt-y_420_NPTY.tpr|melting-npt-y_420_NPTY.trr|melting-npt-y_420_NPTY.edr|NPT2.gro|1660611506.0
ethanol|154|160000|keb2|3200|/pfs/proj/nobackup/fs/projnb10/alexandria/spoel/MDBenchmark/melting/ethanol/154|melting-npt-y_560_NPTY.log|melting-npt-y_560_NPTY.cpt|melting-npt-y_560_NPTY.tpr|melting-npt-y_560_NPTY.trr|melting-npt-y_560_NPTY.edr|NPT2.gro|1660613731.0
ethanol|159|180058|keb2|3200|/pfs/proj/nobackup/fs/projnb10/alexandria/spoel/MDBenchmark/melting/ethanol/159|melting-npt-y_280_NPTY.log|melting-npt-y_280_NPTY.cpt|melting-npt-y_280_NPTY.tpr|melting-npt-y_280_NPTY.trr|melting-npt-y_280_NPTY.edr|melting-npt-y_280_NPTY.gro|1661069315.0
ethanol|164|119222|keb2|3200|/pfs/proj/nobackup/fs/projnb10/alexandria/spoel/MDBenchmark/melting/ethanol/164|melting-npt-y_320_NPTY.log|melting-npt-y_320_NPTY.cpt|melting-npt-y_320_NPTY.tpr|melting-npt-y_320_NPTY.trr|melting-npt-y_320_NPTY.edr|melting-npt-y_320_NPTY.gro|1661069069.0
ethanol|169|60059.2|keb2|3200|/pfs/proj/nobackup/fs/projnb10/alexandria/spoel/MDBenchmark/melting/ethanol/169|melting-npt-y_160_NPTY.log|melting-npt-y_160_NPTY.cpt|melting-npt-y_160_NPTY.tpr|melting-npt-y_160_NPTY.trr|melting-npt-y_160_NPTY.edr|melting-npt-y_160_NPTY.gro|1661068957.0
ethanol|174|70059.6|keb2|3200|/pfs/proj/nobackup/fs/projnb10/alexandria/spoel/MDBenchmark/melting/ethanol/174|melting-npt-y_160_NPTY.log|melting-npt-y_160_NPTY.cpt|melting-npt-y_160_NPTY.tpr|melting-npt-y_160_NPTY.trr|melting-npt-y_160_NPTY.edr|melting-npt-y_160_NPTY.gro|1661074977.0
ethanol|179|90059.4|keb2|3200|/pfs/proj/nobackup/fs/projnb10/alexandria/spoel/MDBenchmark/melting/ethanol/179|melting-npt-y_100_NPTY.log|melting-npt-y_100_NPTY.cpt|melting-npt-y_100_NPTY.tpr|melting-npt-y_100_NPTY.trr|melting-npt-y_100_NPTY.edr|melting-npt-y_100_NPTY.gro|1661075076.0
ethanol|184|90059.2|keb2|3200|/pfs/proj/nobackup/fs/projnb10/alexandria/spoel/MDBenchmark/melting/ethanol/184|melting-npt-y_160_NPTY.log|melting-npt-y_160_NPTY.cpt|melting-npt-y_160_NPTY.tpr|melting-npt-y_160_NPTY.trr|melting-npt-y_160_NPTY.edr|melting-npt-y_160_NPTY.gro|1661076139.0
ethanol|189|40000|keb2|3200|/pfs/proj/nobackup/fs/projnb10/alexandria/spoel/MDBenchmark/melting/ethanol/189|melting-npt-y_160_NPTY.log|melting-npt-y_160_NPTY.cpt|melting-npt-y_160_NPTY.tpr|melting-npt-y_160_NPTY.trr|melting-npt-y_160_NPTY.edr|melting-npt-y_160_NPTY.gro|1660807037.0
ethanol|194|60000|keb2|3200|/pfs/proj/nobackup/fs/projnb10/alexandria/spoel/MDBenchmark/melting/ethanol/194|melting-npt-y_60_NPTY.log|melting-npt-y_60_NPTY.cpt|melting-npt-y_60_NPTY.tpr|melting-npt-y_60_NPTY.trr|melting-npt-y_60_NPTY.edr|melting-npt-y_60_NPTY.gro|1660806315.0
ethanol|199|60000|keb2|3200|/pfs/proj/nobackup/fs/projnb10/alexandria/spoel/MDBenchmark/melting/ethanol/199|melting-npt-y_60_NPTY.log|melting-npt-y_60_NPTY.cpt|melting-npt-y_60_NPTY.tpr|melting-npt-y_60_NPTY.trr|melting-npt-y_60_NPTY.edr|melting-npt-y_60_NPTY.gro|1660794451.0
ethanol|204|40000|keb2|3200|/pfs/proj/nobackup/fs/projnb10/alexandria/spoel/MDBenchmark/melting/ethanol/204|melting-npt-y_20_NPTY.log|melting-npt-y_20_NPTY.cpt|melting-npt-y_20_NPTY.tpr|melting-npt-y_20_NPTY.trr|melting-npt-y_20_NPTY.edr|melting-npt-y_20_NPTY.gro|1660806981.0
ethanol|209|40000|keb2|3200|/pfs/proj/nobackup/fs/projnb10/alexandria/spoel/MDBenchmark/melting/ethanol/209|melting-npt-y_20_NPTY.log|melting-npt-y_20_NPTY.cpt|melting-npt-y_20_NPTY.tpr|melting-npt-y_20_NPTY.trr|melting-npt-y_20_NPTY.edr|melting-npt-y_20_NPTY.gro|1660797100.0
12-ethanediamine|249|21410.2|keb2|2520|/pfs/proj/nobackup/fs/projnb10/alexandria/spoel/MDBenchmark/melting/12-ethanediamine/249|melting-npt-y_2.log|melting-npt-y_2.cpt|melting-npt-y_2.tpr|melting-npt-y_2.trr|melting-npt-y_2.edr|melting-npt-y_2.gro|1661072294.0
12-ethanediamine|254|22000|keb2|2520|/pfs/proj/nobackup/fs/projnb10/alexandria/spoel/MDBenchmark/melting/12-ethanediamine/254|melting-npt-y_60_NPTY.log|melting-npt-y_60_NPTY.cpt|melting-npt-y_60_NPTY.tpr|melting-npt-y_60_NPTY.trr|melting-npt-y_60_NPTY.edr|melting-npt-y_60_NPTY.gro|1661076665.0
12-ethanediamine|259|34000|keb2|2520|/pfs/proj/nobackup/fs/projnb10/alexandria/spoel/MDBenchmark/melting/12-ethanediamine/259|melting-npt-y_60_NPTY.log|melting-npt-y_60_NPTY.cpt|melting-npt-y_60_NPTY.tpr|melting-npt-y_60_NPTY.trr|melting-npt-y_60_NPTY.edr|melting-npt-y_60_NPTY.gro|1661082999.0
12-ethanediamine|264|30000|keb2|2520|/pfs/proj/nobackup/fs/projnb10/alexandria/spoel/MDBenchmark/melting/12-ethanediamine/264|melting-npt-y_60_NPTY.log|melting-npt-y_60_NPTY.cpt|melting-npt-y_60_NPTY.tpr|melting-npt-y_60_NPTY.trr|melting-npt-y_60_NPTY.edr|melting-npt-y_60_NPTY.gro|1660890943.0
12-ethanediamine|269|40000|keb2|2520|/pfs/proj/nobackup/fs/projnb10/alexandria/spoel/MDBenchmark/melting/12-ethanediamine/269|melting-npt-y_60_NPTY.log|melting-npt-y_60_NPTY.cpt|melting-npt-y_60_NPTY.tpr|melting-npt-y_60_NPTY.trr|melting-npt-y_60_NPTY.edr|NPT2.gro|1660647127.0
12-ethanediamine|274|30000|keb2|2520|/pfs/proj/nobackup/fs/projnb10/alexandria/spoel/MDBenchmark/melting/12-ethanediamine/274|melting-npt-y_40_NPTY.log|melting-npt-y_40_NPTY.cpt|melting-npt-y_40_NPTY.tpr|melting-npt-y_40_NPTY.trr|melting-npt-y_40_NPTY.edr|melting-npt-y_40_NPTY.gro|1660786902.0
12-ethanediamine|279|40000|keb2|2520|/pfs/proj/nobackup/fs/projnb10/alexandria/spoel/MDBenchmark/melting/12-ethanediamine/279|melting-npt-y_40_NPTY.log|melting-npt-y_40_NPTY.cpt|melting-npt-y_40_NPTY.tpr|melting-npt-y_40_NPTY.trr|melting-npt-y_40_NPTY.edr|NPT2.gro|1660648348.0
12-ethanediamine|289|40000|keb2|2520|/pfs/proj/nobackup/fs/projnb10/alexandria/spoel/MDBenchmark/melting/12-ethanediamine/289|melting-npt-y_40_NPTY.log|melting-npt-y_40_NPTY.cpt|melting-npt-y_40_NPTY.tpr|melting-npt-y_40_NPTY.trr|melting-npt-y_40_NPTY.edr|NPT2.gro|1660645817.0
12-ethanediamine|294|30000|keb2|2520|/pfs/proj/nobackup/fs/projnb10/alexandria/spoel/MDBenchmark/melting/12-ethanediamine/294|melting-npt-y_40_NPTY.log|melting-npt-y_40_NPTY.cpt|melting-npt-y_40_NPTY.tpr|melting-npt-y_40_NPTY.trr|melting-npt-y_40_NPTY.edr|melting-npt-y_40_NPTY.gro|1660786626.0
12-ethanediamine|299|12000|keb2|2520|/pfs/proj/nobackup/fs/projnb10/alexandria/spoel/MDBenchmark/melting/12-ethanediamine/299|melting-npt-y_3.log|melting-npt-y_3.cpt|melting-npt-y_3.tpr|melting-npt-y_3.trr|melting-npt-y_3.edr|melting-npt-y_3.gro|1660786773.0
12-ethanediamine|304|12000|keb2|2520|/pfs/proj/nobackup/fs/projnb10/alexandria/spoel/MDBenchmark/melting/12-ethanediamine/304|melting-npt-y_3.log|melting-npt-y_3.cpt|melting-npt-y_3.tpr|melting-npt-y_3.trr|melting-npt-y_3.edr|melting-npt-y_3.gro|1660786674.0
ethyleneglycol|160|100000|keb2|2520|/pfs/proj/nobackup/fs/projnb10/alexandria/spoel/MDBenchmark/melting/ethyleneglycol/160|melting-npt-y_80_NPTY.log|melting-npt-y_80_NPTY.cpt|melting-npt-y_80_NPTY.tpr|melting-npt-y_80_NPTY.trr|melting-npt-y_80_NPTY.edr|NPT2.gro|1660606518.0
ethyleneglycol|190|100000|keb2|2520|/pfs/proj/nobackup/fs/projnb10/alexandria/spoel/MDBenchmark/melting/ethyleneglycol/190|melting-npt-y_80_NPTY.log|melting-npt-y_80_NPTY.cpt|melting-npt-y_80_NPTY.tpr|melting-npt-y_80_NPTY.trr|melting-npt-y_80_NPTY.edr|NPT2.gro|1660608018.0
ethyleneglycol|195|79145|keb2|2520|/pfs/proj/nobackup/fs/projnb10/alexandria/spoel/MDBenchmark/melting/ethyleneglycol/195|melting-npt-y_60_NPTY.log|melting-npt-y_60_NPTY.cpt|melting-npt-y_60_NPTY.tpr|melting-npt-y_60_NPTY.trr|melting-npt-y_60_NPTY.edr|NPT2.gro|1660607804.0
ethyleneglycol|200|107568|keb2|2520|/pfs/proj/nobackup/fs/projnb10/alexandria/spoel/MDBenchmark/melting/ethyleneglycol/200|melting-npt-y_330_NPTY.log|melting-npt-y_330_NPTY.cpt|melting-npt-y_330_NPTY.tpr|melting-npt-y_330_NPTY.trr|melting-npt-y_330_NPTY.edr|NPT2.gro|1660608557.0
ethyleneglycol|205|80000|keb2|2520|/pfs/proj/nobackup/fs/projnb10/alexandria/spoel/MDBenchmark/melting/ethyleneglycol/205|melting-npt-y_120_NPTY.log|melting-npt-y_120_NPTY.cpt|melting-npt-y_120_NPTY.tpr|melting-npt-y_120_NPTY.trr|melting-npt-y_120_NPTY.edr|NPT2.gro|1660609049.0
ethyleneglycol|210|170000|keb2|2520|/pfs/proj/nobackup/fs/projnb10/alexandria/spoel/MDBenchmark/melting/ethyleneglycol/210|melting-npt-y_630_NPTY.log|melting-npt-y_630_NPTY.cpt|melting-npt-y_630_NPTY.tpr|melting-npt-y_630_NPTY.trr|melting-npt-y_630_NPTY.edr|NPT2.gro|1660606942.0
ethyleneglycol|215|170000|keb2|2520|/pfs/proj/nobackup/fs/projnb10/alexandria/spoel/MDBenchmark/melting/ethyleneglycol/215|melting-npt-y_480_NPTY.log|melting-npt-y_480_NPTY.cpt|melting-npt-y_480_NPTY.tpr|melting-npt-y_480_NPTY.trr|melting-npt-y_480_NPTY.edr|NPT2.gro|1660608228.0
ethyleneglycol|220|170000|keb2|2520|/pfs/proj/nobackup/fs/projnb10/alexandria/spoel/MDBenchmark/melting/ethyleneglycol/220|melting-npt-y_330_NPTY.log|melting-npt-y_330_NPTY.cpt|melting-npt-y_330_NPTY.tpr|melting-npt-y_330_NPTY.trr|melting-npt-y_330_NPTY.edr|NPT2.gro|1660607189.0
ethyleneglycol|225|100000|keb2|2520|/pfs/proj/nobackup/fs/projnb10/alexandria/spoel/MDBenchmark/melting/ethyleneglycol/225|melting-npt-y_260_NPTY.log|melting-npt-y_260_NPTY.cpt|melting-npt-y_260_NPTY.tpr|melting-npt-y_260_NPTY.trr|melting-npt-y_260_NPTY.edr|NPT2.gro|1660605986.0
ethyleneglycol|230|31503.8|keb2|2520|/pfs/proj/nobackup/fs/projnb10/alexandria/spoel/MDBenchmark/melting/ethyleneglycol/230|melting-npt-y_260_NPTY.log|melting-npt-y_260_NPTY.cpt|melting-npt-y_260_NPTY.tpr|melting-npt-y_260_NPTY.trr|melting-npt-y_260_NPTY.edr|NPT2.gro|1660605427.0
ethyleneglycol|265|22000|keb2|2520|/pfs/proj/nobackup/fs/projnb10/alexandria/spoel/MDBenchmark/melting/ethyleneglycol/265|melting-npt-y_3.log|melting-npt-y_3.cpt|melting-npt-y_3.tpr|melting-npt-y_3.trr|melting-npt-y_3.edr|melting-npt-y_3.gro|1660798772.0
ethyleneglycol|270|22000|keb2|2520|/pfs/proj/nobackup/fs/projnb10/alexandria/spoel/MDBenchmark/melting/ethyleneglycol/270|melting-npt-y_3.log|melting-npt-y_3.cpt|melting-npt-y_3.tpr|melting-npt-y_3.trr|melting-npt-y_3.edr|melting-npt-y_3.gro|1660798966.0
ethyleneglycol|275|22000|keb2|2520|/pfs/proj/nobackup/fs/projnb10/alexandria/spoel/MDBenchmark/melting/ethyleneglycol/275|melting-npt-y_3.log|melting-npt-y_3.cpt|melting-npt-y_3.tpr|melting-npt-y_3.trr|melting-npt-y_3.edr|melting-npt-y_3.gro|1660800008.0
ethyleneglycol|280|22000|keb2|2520|/pfs/proj/nobackup/fs/projnb10/alexandria/spoel/MDBenchmark/melting/ethyleneglycol/280|melting-npt-y_3.log|melting-npt-y_3.cpt|melting-npt-y_3.tpr|melting-npt-y_3.trr|melting-npt-y_3.edr|melting-npt-y_3.gro|1660799165.0
ethyleneglycol|285|6000|keb2|2520|/pfs/proj/nobackup/fs/projnb10/alexandria/spoel/MDBenchmark/melting/ethyleneglycol/285|melting-npt-y_3.log|melting-npt-y_3.cpt|melting-npt-y_3.tpr|melting-npt-y_3.trr|melting-npt-y_3.edr|melting-npt-y_3.gro|1660755158.0
ethyleneglycol|290|6000|keb2|2520|/pfs/proj/nobackup/fs/projnb10/alexandria/spoel/MDBenchmark/melting/ethyleneglycol/290|melting-npt-y_3.log|melting-npt-y_3.cpt|melting-npt-y_3.tpr|melting-npt-y_3.trr|melting-npt-y_3.edr|melting-npt-y_3.gro|1660755352.0
ethyleneglycol|295|6000|keb2|2520|/pfs/proj/nobackup/fs/projnb10/alexandria/spoel/MDBenchmark/melting/ethyleneglycol/295|melting-npt-y_3.log|melting-npt-y_3.cpt|melting-npt-y_3.tpr|melting-npt-y_3.trr|melting-npt-y_3.edr|melting-npt-y_3.gro|1660755363.0
ethyleneglycol|300|6000|keb2|2520|/pfs/proj/nobackup/fs/projnb10/alexandria/spoel/MDBenchmark/melting/ethyleneglycol/300|melting-npt-y_3.log|melting-npt-y_3.cpt|melting-npt-y_3.tpr|melting-npt-y_3.trr|melting-npt-y_3.edr|melting-npt-y_3.gro|1660755412.0
ethyleneglycol|305|6000|keb2|2520|/pfs/proj/nobackup/fs/projnb10/alexandria/spoel/MDBenchmark/melting/ethyleneglycol/305|melting-npt-y_3.log|melting-npt-y_3.cpt|melting-npt-y_3.tpr|melting-npt-y_3.trr|melting-npt-y_3.edr|melting-npt-y_3.gro|1660755176.0
ethyleneglycol|310|6000|keb2|2520|/pfs/proj/nobackup/fs/projnb10/alexandria/spoel/MDBenchmark/melting/ethyleneglycol/310|melting-npt-y_3.log|melting-npt-y_3.cpt|melting-npt-y_3.tpr|melting-npt-y_3.trr|melting-npt-y_3.edr|melting-npt-y_3.gro|1660755255.0
formic_acid|226|225058|keb2|3072|/pfs/proj/nobackup/fs/projnb10/alexandria/spoel/MDBenchmark/melting/formic_acid/226|melting-npt-y_260_NPTY.log|melting-npt-y_260_NPTY.cpt|melting-npt-y_260_NPTY.tpr|melting-npt-y_260_NPTY.trr|melting-npt-y_260_NPTY.edr|melting-npt-y_260_NPTY.gro|1661378537.0
formic_acid|231|85058.6|keb2|3072|/pfs/proj/nobackup/fs/projnb10/alexandria/spoel/MDBenchmark/melting/formic_acid/231|melting-npt-y_340_NPTY.log|melting-npt-y_340_NPTY.cpt|melting-npt-y_340_NPTY.tpr|melting-npt-y_340_NPTY.trr|melting-npt-y_340_NPTY.edr|melting-npt-y_340_NPTY.gro|1661378405.0
formic_acid|236|225064|keb2|3072|/pfs/proj/nobackup/fs/projnb10/alexandria/spoel/MDBenchmark/melting/formic_acid/236|melting-npt-y_420_NPTY.log|melting-npt-y_420_NPTY.cpt|melting-npt-y_420_NPTY.tpr|melting-npt-y_420_NPTY.trr|melting-npt-y_420_NPTY.edr|melting-npt-y_420_NPTY.gro|1661378432.0
formic_acid|241|225064|keb2|3072|/pfs/proj/nobackup/fs/projnb10/alexandria/spoel/MDBenchmark/melting/formic_acid/241|melting-npt-y_900_NPTY.log|melting-npt-y_900_NPTY.cpt|melting-npt-y_900_NPTY.tpr|melting-npt-y_900_NPTY.trr|melting-npt-y_900_NPTY.edr|melting-npt-y_900_NPTY.gro|1661378358.0
formic_acid|246|265064|keb2|3072|/pfs/proj/nobackup/fs/projnb10/alexandria/spoel/MDBenchmark/melting/formic_acid/246|melting-npt-y_900_NPTY.log|melting-npt-y_900_NPTY.cpt|melting-npt-y_900_NPTY.tpr|melting-npt-y_900_NPTY.trr|melting-npt-y_900_NPTY.edr|melting-npt-y_900_NPTY.gro|1661378373.0
formic_acid|251|85000|keb2|3072|/pfs/proj/nobackup/fs/projnb10/alexandria/spoel/MDBenchmark/melting/formic_acid/251|melting-npt-y_420_NPTY.log|melting-npt-y_420_NPTY.cpt|melting-npt-y_420_NPTY.tpr|melting-npt-y_420_NPTY.trr|melting-npt-y_420_NPTY.edr|melting-npt-y_420_NPTY.gro|1661379186.0
formic_acid|256|45000|keb2|3072|/pfs/proj/nobackup/fs/projnb10/alexandria/spoel/MDBenchmark/melting/formic_acid/256|melting-npt-y_180_NPTY.log|melting-npt-y_180_NPTY.cpt|melting-npt-y_180_NPTY.tpr|melting-npt-y_180_NPTY.trr|melting-npt-y_180_NPTY.edr|melting-npt-y_180_NPTY.gro|1661379215.0
formic_acid|261|40000|keb2|3072|/pfs/proj/nobackup/fs/projnb10/alexandria/spoel/MDBenchmark/melting/formic_acid/261|melting-npt-y_60_NPTY.log|melting-npt-y_60_NPTY.cpt|melting-npt-y_60_NPTY.tpr|melting-npt-y_60_NPTY.trr|melting-npt-y_60_NPTY.edr|melting-npt-y_60_NPTY.gro|1660770047.0
formic_acid|266|45000|keb2|3072|/pfs/proj/nobackup/fs/projnb10/alexandria/spoel/MDBenchmark/melting/formic_acid/266|melting-npt-y_40_NPTY.log|melting-npt-y_40_NPTY.cpt|melting-npt-y_40_NPTY.tpr|melting-npt-y_40_NPTY.trr|melting-npt-y_40_NPTY.edr|melting-npt-y_40_NPTY.gro|1661379408.0
formic_acid|271|45000|keb2|3072|/pfs/proj/nobackup/fs/projnb10/alexandria/spoel/MDBenchmark/melting/formic_acid/271|melting-npt-y_40_NPTY.log|melting-npt-y_40_NPTY.cpt|melting-npt-y_40_NPTY.tpr|melting-npt-y_40_NPTY.trr|melting-npt-y_40_NPTY.edr|melting-npt-y_40_NPTY.gro|1661378101.0
formic_acid|276|30000|keb2|3072|/pfs/proj/nobackup/fs/projnb10/alexandria/spoel/MDBenchmark/melting/formic_acid/276|melting-npt-y_5_NPTY.log|melting-npt-y_5_NPTY.cpt|melting-npt-y_5_NPTY.tpr|melting-npt-y_5_NPTY.trr|melting-npt-y_5_NPTY.edr|melting-npt-y_5_NPTY.gro|1661379718.0
formic_acid|286|30000|keb2|3072|/pfs/proj/nobackup/fs/projnb10/alexandria/spoel/MDBenchmark/melting/formic_acid/286|melting-npt-y_5_NPTY.log|melting-npt-y_5_NPTY.cpt|melting-npt-y_5_NPTY.tpr|melting-npt-y_5_NPTY.trr|melting-npt-y_5_NPTY.edr|melting-npt-y_5_NPTY.gro|1661379697.0
formic_acid|291|14000|keb2|3072|/pfs/proj/nobackup/fs/projnb10/alexandria/spoel/MDBenchmark/melting/formic_acid/291|melting-npt-y_5_NPTY.log|melting-npt-y_5_NPTY.cpt|melting-npt-y_5_NPTY.tpr|melting-npt-y_5_NPTY.trr|melting-npt-y_5_NPTY.edr|melting-npt-y_5_NPTY.gro|1661379554.0
formic_acid|296|14000|keb2|3072|/pfs/proj/nobackup/fs/projnb10/alexandria/spoel/MDBenchmark/melting/formic_acid/296|melting-npt-y_5_NPTY.log|melting-npt-y_5_NPTY.cpt|melting-npt-y_5_NPTY.tpr|melting-npt-y_5_NPTY.trr|melting-npt-y_5_NPTY.edr|melting-npt-y_5_NPTY.gro|1661380459.0
formic_acid|301|14000|keb2|3072|/pfs/proj/nobackup/fs/projnb10/alexandria/spoel/MDBenchmark/melting/formic_acid/301|melting-npt-y_5_NPTY.log|melting-npt-y_5_NPTY.cpt|melting-npt-y_5_NPTY.tpr|melting-npt-y_5_NPTY.trr|melting-npt-y_5_NPTY.edr|melting-npt-y_5_NPTY.gro|1661380433.0
formic_acid|306|14000|keb2|3072|/pfs/proj/nobackup/fs/projnb10/alexandria/spoel/MDBenchmark/melting/formic_acid/306|melting-npt-y_5_NPTY.log|melting-npt-y_5_NPTY.cpt|melting-npt-y_5_NPTY.tpr|melting-npt-y_5_NPTY.trr|melting-npt-y_5_NPTY.edr|melting-npt-y_5_NPTY.gro|1661380498.0
formic_acid|311|14000|keb2|3072|/pfs/proj/nobackup/fs/projnb10/alexandria/spoel/MDBenchmark/melting/formic_acid/311|melting-npt-y_5_NPTY.log|melting-npt-y_5_NPTY.cpt|melting-npt-y_5_NPTY.tpr|melting-npt-y_5_NPTY.trr|melting-npt-y_5_NPTY.edr|melting-npt-y_5_NPTY.gro|1661381981.0
formic_acid|316|14000|keb2|3072|/pfs/proj/nobackup/fs/projnb10/alexandria/spoel/MDBenchmark/melting/formic_acid/316|melting-npt-y_5_NPTY.log|melting-npt-y_5_NPTY.cpt|melting-npt-y_5_NPTY.tpr|melting-npt-y_5_NPTY.trr|melting-npt-y_5_NPTY.edr|melting-npt-y_5_NPTY.gro|1661382065.0
formic_acid|321|14000|keb2|3072|/pfs/proj/nobackup/fs/projnb10/alexandria/spoel/MDBenchmark/melting/formic_acid/321|melting-npt-y_5_NPTY.log|melting-npt-y_5_NPTY.cpt|melting-npt-y_5_NPTY.tpr|melting-npt-y_5_NPTY.trr|melting-npt-y_5_NPTY.edr|melting-npt-y_5_NPTY.gro|1661382459.0
formic_acid|326|14000|keb2|3072|/pfs/proj/nobackup/fs/projnb10/alexandria/spoel/MDBenchmark/melting/formic_acid/326|melting-npt-y_5_NPTY.log|melting-npt-y_5_NPTY.cpt|melting-npt-y_5_NPTY.tpr|melting-npt-y_5_NPTY.trr|melting-npt-y_5_NPTY.edr|melting-npt-y_5_NPTY.gro|1661382665.0
formic_acid|331|14000|keb2|3072|/pfs/proj/nobackup/fs/projnb10/alexandria/spoel/MDBenchmark/melting/formic_acid/331|melting-npt-y_5_NPTY.log|melting-npt-y_5_NPTY.cpt|melting-npt-y_5_NPTY.tpr|melting-npt-y_5_NPTY.trr|melting-npt-y_5_NPTY.edr|melting-npt-y_5_NPTY.gro|1661382677.0
imidazole|263|120059|keb2|3360|/pfs/proj/nobackup/fs/projnb10/alexandria/spoel/MDBenchmark/melting/imidazole/263|melting-npt-y_160_NPTY.log|melting-npt-y_160_NPTY.cpt|melting-npt-y_160_NPTY.tpr|melting-npt-y_160_NPTY.trr|melting-npt-y_160_NPTY.edr|melting-npt-y_160_NPTY.gro|1661071187.0
imidazole|268|140059|keb2|3360|/pfs/proj/nobackup/fs/projnb10/alexandria/spoel/MDBenchmark/melting/imidazole/268|melting-npt-y_80_NPTY.log|melting-npt-y_80_NPTY.cpt|melting-npt-y_80_NPTY.tpr|melting-npt-y_80_NPTY.trr|melting-npt-y_80_NPTY.edr|melting-npt-y_80_NPTY.gro|1661072824.0
imidazole|278|120060|keb2|3360|/pfs/proj/nobackup/fs/projnb10/alexandria/spoel/MDBenchmark/melting/imidazole/278|melting-npt-y_80_NPTY.log|melting-npt-y_80_NPTY.cpt|melting-npt-y_80_NPTY.tpr|melting-npt-y_80_NPTY.trr|melting-npt-y_80_NPTY.edr|melting-npt-y_80_NPTY.gro|1661129487.0
imidazole|288|110060|keb2|3360|/pfs/proj/nobackup/fs/projnb10/alexandria/spoel/MDBenchmark/melting/imidazole/288|melting-npt-y_300_NPTY.log|melting-npt-y_300_NPTY.cpt|melting-npt-y_300_NPTY.tpr|melting-npt-y_300_NPTY.trr|melting-npt-y_300_NPTY.edr|melting-npt-y_300_NPTY.gro|1661073069.0
imidazole|298|70000|keb2|3360|/pfs/proj/nobackup/fs/projnb10/alexandria/spoel/MDBenchmark/melting/imidazole/298|melting-npt-y_80_NPTY.log|melting-npt-y_80_NPTY.cpt|melting-npt-y_80_NPTY.tpr|melting-npt-y_80_NPTY.trr|melting-npt-y_80_NPTY.edr|melting-npt-y_80_NPTY.gro|1660774829.0
imidazole|308|30000|keb2|3360|/pfs/proj/nobackup/fs/projnb10/alexandria/spoel/MDBenchmark/melting/imidazole/308|melting-npt-y_20_NPTY.log|melting-npt-y_20_NPTY.cpt|melting-npt-y_20_NPTY.tpr|melting-npt-y_20_NPTY.trr|melting-npt-y_20_NPTY.edr|melting-npt-y_20_NPTY.gro|1660773706.0
imidazole|318|17000|keb2|3360|/pfs/proj/nobackup/fs/projnb10/alexandria/spoel/MDBenchmark/melting/imidazole/318|melting-npt-y_7_NPTY.log|melting-npt-y_7_NPTY.cpt|melting-npt-y_7_NPTY.tpr|melting-npt-y_7_NPTY.trr|melting-npt-y_7_NPTY.edr|melting-npt-y_7_NPTY.gro|1660774738.0
imidazole|328|17000|keb2|3360|/pfs/proj/nobackup/fs/projnb10/alexandria/spoel/MDBenchmark/melting/imidazole/328|melting-npt-y_7_NPTY.log|melting-npt-y_7_NPTY.cpt|melting-npt-y_7_NPTY.tpr|melting-npt-y_7_NPTY.trr|melting-npt-y_7_NPTY.edr|melting-npt-y_7_NPTY.gro|1660775054.0
menh2|174|22000|keb2|2352|/pfs/proj/nobackup/fs/projnb10/alexandria/spoel/MDBenchmark/melting/menh2/174|melting-npt-y_2.log|melting-npt-y_2.cpt|melting-npt-y_2.tpr|melting-npt-y_2.trr|melting-npt-y_2.edr|melting-npt-y_2.gro|1660792057.0
menh2|184|22000|keb2|2352|/pfs/proj/nobackup/fs/projnb10/alexandria/spoel/MDBenchmark/melting/menh2/184|melting-npt-y_2.log|melting-npt-y_2.cpt|melting-npt-y_2.tpr|melting-npt-y_2.trr|melting-npt-y_2.edr|melting-npt-y_2.gro|1660792487.0
menh2|189|22000|keb2|2352|/pfs/proj/nobackup/fs/projnb10/alexandria/spoel/MDBenchmark/melting/menh2/189|melting-npt-y_2.log|melting-npt-y_2.cpt|melting-npt-y_2.tpr|melting-npt-y_2.trr|melting-npt-y_2.edr|melting-npt-y_2.gro|1660793359.0
menh2|194|37497.8|keb2|2352|/pfs/proj/nobackup/fs/projnb10/alexandria/spoel/MDBenchmark/melting/menh2/194|melting-npt-y_20_NPTY.log|melting-npt-y_20_NPTY.cpt|melting-npt-y_20_NPTY.tpr|melting-npt-y_20_NPTY.trr|melting-npt-y_20_NPTY.edr|melting-npt-y_20_NPTY.gro|1660792262.0
menh2|199|40000|keb2|2352|/pfs/proj/nobackup/fs/projnb10/alexandria/spoel/MDBenchmark/melting/menh2/199|melting-npt-y_20_NPTY.log|melting-npt-y_20_NPTY.cpt|melting-npt-y_20_NPTY.tpr|melting-npt-y_20_NPTY.trr|melting-npt-y_20_NPTY.edr|melting-npt-y_20_NPTY.gro|1660792800.0
menh2|204|40000|keb2|2352|/pfs/proj/nobackup/fs/projnb10/alexandria/spoel/MDBenchmark/melting/menh2/204|melting-npt-y_20_NPTY.log|melting-npt-y_20_NPTY.cpt|melting-npt-y_20_NPTY.tpr|melting-npt-y_20_NPTY.trr|melting-npt-y_20_NPTY.edr|melting-npt-y_20_NPTY.gro|1660792467.0
menh2|229|40000|keb2|2352|/pfs/proj/nobackup/fs/projnb10/alexandria/spoel/MDBenchmark/melting/menh2/229|melting-npt-y_20_NPTY.log|melting-npt-y_20_NPTY.cpt|melting-npt-y_20_NPTY.tpr|melting-npt-y_20_NPTY.trr|melting-npt-y_20_NPTY.edr|melting-npt-y_20_NPTY.gro|1660792037.0
menh2|239|40000|keb2|2352|/pfs/proj/nobackup/fs/projnb10/alexandria/spoel/MDBenchmark/melting/menh2/239|melting-npt-y_20_NPTY.log|melting-npt-y_20_NPTY.cpt|melting-npt-y_20_NPTY.tpr|melting-npt-y_20_NPTY.trr|melting-npt-y_20_NPTY.edr|melting-npt-y_20_NPTY.gro|1660792010.0
methanol|151|40000|keb2|2048|/pfs/proj/nobackup/fs/projnb10/alexandria/spoel/MDBenchmark/melting/methanol/151|melting-npt-y_100_NPTY.log|melting-npt-y_100_NPTY.cpt|melting-npt-y_100_NPTY.tpr|melting-npt-y_100_NPTY.trr|melting-npt-y_100_NPTY.edr|NPT2.gro|1660577444.0
methanol|156|40000|keb2|2048|/pfs/proj/nobackup/fs/projnb10/alexandria/spoel/MDBenchmark/melting/methanol/156|melting-npt-y_100_NPTY.log|melting-npt-y_100_NPTY.cpt|melting-npt-y_100_NPTY.tpr|melting-npt-y_100_NPTY.trr|melting-npt-y_100_NPTY.edr|NPT2.gro|1660577056.0
methanol|161|50000|keb2|2048|/pfs/proj/nobackup/fs/projnb10/alexandria/spoel/MDBenchmark/melting/methanol/161|melting-npt-y_100_NPTY.log|melting-npt-y_100_NPTY.cpt|melting-npt-y_100_NPTY.tpr|melting-npt-y_100_NPTY.trr|melting-npt-y_100_NPTY.edr|melting-npt-y_100_NPTY.gro|1660755956.0
methanol|171|30000|keb2|2048|/pfs/proj/nobackup/fs/projnb10/alexandria/spoel/MDBenchmark/melting/methanol/171|melting-npt-y_100_NPTY.log|melting-npt-y_100_NPTY.cpt|melting-npt-y_100_NPTY.tpr|melting-npt-y_100_NPTY.trr|melting-npt-y_100_NPTY.edr|melting-npt-y_100_NPTY.gro|1660755919.0
methanol|181|30000|keb2|2048|/pfs/proj/nobackup/fs/projnb10/alexandria/spoel/MDBenchmark/melting/methanol/181|melting-npt-y_100_NPTY.log|melting-npt-y_100_NPTY.cpt|melting-npt-y_100_NPTY.tpr|melting-npt-y_100_NPTY.trr|melting-npt-y_100_NPTY.edr|melting-npt-y_100_NPTY.gro|1660755836.0
methanol|186|20000|keb2|2048|/pfs/proj/nobackup/fs/projnb10/alexandria/spoel/MDBenchmark/melting/methanol/186|melting-npt-y_100_NPTY.log|melting-npt-y_100_NPTY.cpt|melting-npt-y_100_NPTY.tpr|melting-npt-y_100_NPTY.trr|melting-npt-y_100_NPTY.edr||1660742964.0
methanol|191|130000|keb2|2048|/pfs/proj/nobackup/fs/projnb10/alexandria/spoel/MDBenchmark/melting/methanol/191|melting-npt-y_340_NPTY.log|melting-npt-y_340_NPTY.cpt|melting-npt-y_340_NPTY.tpr|melting-npt-y_340_NPTY.trr|melting-npt-y_340_NPTY.edr|melting-npt-y_340_NPTY.gro|1660755729.0
methanol|201|30000|keb2|2048|/pfs/proj/nobackup/fs/projnb10/alexandria/spoel/MDBenchmark/melting/methanol/201|melting-npt-y_100_NPTY.log|melting-npt-y_100_NPTY.cpt|melting-npt-y_100_NPTY.tpr|melting-npt-y_100_NPTY.trr|melting-npt-y_100_NPTY.edr|melting-npt-y_100_NPTY.gro|1660754122.0
naphthalene|343|30000|keb2|2268|/pfs/proj/nobackup/fs/projnb10/alexandria/spoel/MDBenchmark/melting/naphthalene/343|melting-npt-y_20_NPTY.log|melting-npt-y_20_NPTY.cpt|melting-npt-y_20_NPTY.tpr|melting-npt-y_20_NPTY.trr|melting-npt-y_20_NPTY.edr|melting-npt-y_20_NPTY.gro|1660863157.0
naphthalene|348|30000|keb2|2268|/pfs/proj/nobackup/fs/projnb10/alexandria/spoel/MDBenchmark/melting/naphthalene/348|melting-npt-y_20_NPTY.log|melting-npt-y_20_NPTY.cpt|melting-npt-y_20_NPTY.tpr|melting-npt-y_20_NPTY.trr|melting-npt-y_20_NPTY.edr|melting-npt-y_20_NPTY.gro|1660862684.0
naphthalene|368|12000|keb2|2268|/pfs/proj/nobackup/fs/projnb10/alexandria/spoel/MDBenchmark/melting/naphthalene/368|melting-npt-y.log|melting-npt-y.cpt|melting-npt-y.tpr|melting-npt-y.trr|melting-npt-y.edr|melting-npt-y.gro|1660857711.0
octanoic_acid|284|42000|keb2|2912|/pfs/proj/nobackup/fs/projnb10/alexandria/spoel/MDBenchmark/melting/octanoic_acid/284|melting-npt-y_132_NPTY.log|melting-npt-y_132_NPTY.cpt|melting-npt-y_132_NPTY.tpr|melting-npt-y_132_NPTY.trr|melting-npt-y_132_NPTY.edr|NPT2.gro|1660741682.0
octanoic_acid|304|42000|keb2|2912|/pfs/proj/nobackup/fs/projnb10/alexandria/spoel/MDBenchmark/melting/octanoic_acid/304|melting-npt-y_66_NPTY.log|melting-npt-y_66_NPTY.cpt|melting-npt-y_66_NPTY.tpr|melting-npt-y_66_NPTY.trr|melting-npt-y_66_NPTY.edr|NPT2.gro|1660738930.0
octanoic_acid|314|42000|keb2|2912|/pfs/proj/nobackup/fs/projnb10/alexandria/spoel/MDBenchmark/melting/octanoic_acid/314|melting-npt-y_44_NPTY.log|melting-npt-y_44_NPTY.cpt|melting-npt-y_44_NPTY.tpr|melting-npt-y_44_NPTY.trr|melting-npt-y_44_NPTY.edr|NPT2.gro|1660738137.0
octanoic_acid|319|32000|keb2|2912|/pfs/proj/nobackup/fs/projnb10/alexandria/spoel/MDBenchmark/melting/octanoic_acid/319|melting-npt-y_44_NPTY.log|melting-npt-y_44_NPTY.cpt|melting-npt-y_44_NPTY.tpr|melting-npt-y_44_NPTY.trr|melting-npt-y_44_NPTY.edr|melting-npt-y_44_NPTY.gro|1660826069.0
octanoic_acid|324|32000|keb2|2912|/pfs/proj/nobackup/fs/projnb10/alexandria/spoel/MDBenchmark/melting/octanoic_acid/324|melting-npt-y_44_NPTY.log|melting-npt-y_44_NPTY.cpt|melting-npt-y_44_NPTY.tpr|melting-npt-y_44_NPTY.trr|melting-npt-y_44_NPTY.edr|melting-npt-y_44_NPTY.gro|1660825813.0
pentane|98|40000|keb2|2688|/pfs/proj/nobackup/fs/projnb10/alexandria/spoel/MDBenchmark/melting/pentane/98|melting-npt-y_20_NPTY.log|melting-npt-y_20_NPTY.cpt|melting-npt-y_20_NPTY.tpr|melting-npt-y_20_NPTY.trr|melting-npt-y_20_NPTY.edr|NPT2.gro|1660659493.0
pentane|113|40000|keb2|2688|/pfs/proj/nobackup/fs/projnb10/alexandria/spoel/MDBenchmark/melting/pentane/113|melting-npt-y_20_NPTY.log|melting-npt-y_20_NPTY.cpt|melting-npt-y_20_NPTY.tpr|melting-npt-y_20_NPTY.trr|melting-npt-y_20_NPTY.edr|NPT2.gro|1660658292.0
pentane|118|60000|keb2|2688|/pfs/proj/nobackup/fs/projnb10/alexandria/spoel/MDBenchmark/melting/pentane/118|melting-npt-y_20_NPTY.log|melting-npt-y_20_NPTY.cpt|melting-npt-y_20_NPTY.tpr|melting-npt-y_20_NPTY.trr|melting-npt-y_20_NPTY.edr|melting-npt-y_20_NPTY.gro|1660893323.0
pentane|123|37718.8|keb2|2688|/pfs/proj/nobackup/fs/projnb10/alexandria/spoel/MDBenchmark/melting/pentane/123|melting-npt-y_60_NPTY.log|melting-npt-y_60_NPTY.cpt|melting-npt-y_60_NPTY.tpr|melting-npt-y_60_NPTY.trr|melting-npt-y_60_NPTY.edr|NPT2.gro|1660658748.0
pentane|128|60000|keb2|2688|/pfs/proj/nobackup/fs/projnb10/alexandria/spoel/MDBenchmark/melting/pentane/128|melting-npt-y_60_NPTY.log|melting-npt-y_60_NPTY.cpt|melting-npt-y_60_NPTY.tpr|melting-npt-y_60_NPTY.trr|melting-npt-y_60_NPTY.edr|melting-npt-y_60_NPTY.gro|1660893783.0
pentane|133|40000|keb2|2688|/pfs/proj/nobackup/fs/projnb10/alexandria/spoel/MDBenchmark/melting/pentane/133|melting-npt-y_60_NPTY.log|melting-npt-y_60_NPTY.cpt|melting-npt-y_60_NPTY.tpr|melting-npt-y_60_NPTY.trr|melting-npt-y_60_NPTY.edr|NPT2.gro|1660656819.0
pentane|138|120058|keb2|2688|/pfs/proj/nobackup/fs/projnb10/alexandria/spoel/MDBenchmark/melting/pentane/138|melting-npt-y_120_NPTY.log|melting-npt-y_120_NPTY.cpt|melting-npt-y_120_NPTY.tpr|melting-npt-y_120_NPTY.trr|melting-npt-y_120_NPTY.edr|melting-npt-y_120_NPTY.gro|1661089546.0
pentane|148|86684.8|keb2|2688|/pfs/proj/nobackup/fs/projnb10/alexandria/spoel/MDBenchmark/melting/pentane/148|melting-npt-y_220_NPTY.log|melting-npt-y_220_NPTY.cpt|melting-npt-y_220_NPTY.tpr|melting-npt-y_220_NPTY.trr|melting-npt-y_220_NPTY.edr|melting-npt-y_220_NPTY.gro|1661089013.0
pentane|158|60058.4|keb2|2688|/pfs/proj/nobackup/fs/projnb10/alexandria/spoel/MDBenchmark/melting/pentane/158|melting-npt-y_100_NPTY.log|melting-npt-y_100_NPTY.cpt|melting-npt-y_100_NPTY.tpr|melting-npt-y_100_NPTY.trr|melting-npt-y_100_NPTY.edr|melting-npt-y_100_NPTY.gro|1661089326.0
pentane|168|73389.2|keb2|2688|/pfs/proj/nobackup/fs/projnb10/alexandria/spoel/MDBenchmark/melting/pentane/168|melting-npt-y_200_NPTY.log|melting-npt-y_200_NPTY.cpt|melting-npt-y_200_NPTY.tpr|melting-npt-y_200_NPTY.trr|melting-npt-y_200_NPTY.edr|melting-npt-y_200_NPTY.gro|1660904135.0
pentane|178|34058.6|keb2|2688|/pfs/proj/nobackup/fs/projnb10/alexandria/spoel/MDBenchmark/melting/pentane/178|melting-npt-y_3.log|melting-npt-y_3.cpt|melting-npt-y_3.tpr|melting-npt-y_3.trr|melting-npt-y_3.edr|melting-npt-y_3.gro|1661076438.0
pentane|188|4000|keb2|2688|/pfs/proj/nobackup/fs/projnb10/alexandria/spoel/MDBenchmark/melting/pentane/188|melting-npt-y_2.log|melting-npt-y_2.cpt|melting-npt-y_2.tpr|melting-npt-y_2.trr|melting-npt-y_2.edr|melting-npt-y_2.gro|1660811485.0
phenol|239|60058.6|keb2|3360|/pfs/proj/nobackup/fs/projnb10/alexandria/spoel/MDBenchmark/melting/phenol/239|melting-npt-y_40_NPTY.log|melting-npt-y_40_NPTY.cpt|melting-npt-y_40_NPTY.tpr|melting-npt-y_40_NPTY.trr|melting-npt-y_40_NPTY.edr|melting-npt-y_40_NPTY.gro|1661079315.0
phenol|244|80058.6|keb2|3360|/pfs/proj/nobackup/fs/projnb10/alexandria/spoel/MDBenchmark/melting/phenol/244|melting-npt-y_40_NPTY.log|melting-npt-y_40_NPTY.cpt|melting-npt-y_40_NPTY.tpr|melting-npt-y_40_NPTY.trr|melting-npt-y_40_NPTY.edr|melting-npt-y_40_NPTY.gro|1661080705.0
phenol|254|120058|keb2|3360|/pfs/proj/nobackup/fs/projnb10/alexandria/spoel/MDBenchmark/melting/phenol/254|melting-npt-y_160_NPTY.log|melting-npt-y_160_NPTY.cpt|melting-npt-y_160_NPTY.tpr|melting-npt-y_160_NPTY.trr|melting-npt-y_160_NPTY.edr|melting-npt-y_160_NPTY.gro|1661080091.0
phenol|259|120058|keb2|3360|/pfs/proj/nobackup/fs/projnb10/alexandria/spoel/MDBenchmark/melting/phenol/259|melting-npt-y_240_NPTY.log|melting-npt-y_240_NPTY.cpt|melting-npt-y_240_NPTY.tpr|melting-npt-y_240_NPTY.trr|melting-npt-y_240_NPTY.edr|melting-npt-y_240_NPTY.gro|1661080664.0
phenol|264|130058|keb2|3360|/pfs/proj/nobackup/fs/projnb10/alexandria/spoel/MDBenchmark/melting/phenol/264|melting-npt-y_250_NPTY.log|melting-npt-y_250_NPTY.cpt|melting-npt-y_250_NPTY.tpr|melting-npt-y_250_NPTY.trr|melting-npt-y_250_NPTY.edr|melting-npt-y_250_NPTY.gro|1661082179.0
phenol|269|130059|keb2|3360|/pfs/proj/nobackup/fs/projnb10/alexandria/spoel/MDBenchmark/melting/phenol/269|melting-npt-y_200_NPTY.log|melting-npt-y_200_NPTY.cpt|melting-npt-y_200_NPTY.tpr|melting-npt-y_200_NPTY.trr|melting-npt-y_200_NPTY.edr|melting-npt-y_200_NPTY.gro|1661081692.0
phenol|274|130059|keb2|3360|/pfs/proj/nobackup/fs/projnb10/alexandria/spoel/MDBenchmark/melting/phenol/274|melting-npt-y_210_NPTY.log|melting-npt-y_210_NPTY.cpt|melting-npt-y_210_NPTY.tpr|melting-npt-y_210_NPTY.trr|melting-npt-y_210_NPTY.edr|melting-npt-y_210_NPTY.gro|1661082509.0
phenol|279|50000|keb2|3360|/pfs/proj/nobackup/fs/projnb10/alexandria/spoel/MDBenchmark/melting/phenol/279|melting-npt-y_200_NPTY.log|melting-npt-y_200_NPTY.cpt|melting-npt-y_200_NPTY.tpr|melting-npt-y_200_NPTY.trr|melting-npt-y_200_NPTY.edr|melting-npt-y_200_NPTY.gro|1660904502.0
phenol|284|50000|keb2|3360|/pfs/proj/nobackup/fs/projnb10/alexandria/spoel/MDBenchmark/melting/phenol/284|melting-npt-y_80_NPTY.log|melting-npt-y_80_NPTY.cpt|melting-npt-y_80_NPTY.tpr|melting-npt-y_80_NPTY.trr|melting-npt-y_80_NPTY.edr|melting-npt-y_80_NPTY.gro|1660902751.0
phenol|289|30000|keb2|3360|/pfs/proj/nobackup/fs/projnb10/alexandria/spoel/MDBenchmark/melting/phenol/289|melting-npt-y_40_NPTY.log|melting-npt-y_40_NPTY.cpt|melting-npt-y_40_NPTY.tpr|melting-npt-y_40_NPTY.trr|melting-npt-y_40_NPTY.edr|melting-npt-y_40_NPTY.gro|1660903676.0
phenol|294|24000|keb2|3360|/pfs/proj/nobackup/fs/projnb10/alexandria/spoel/MDBenchmark/melting/phenol/294|melting-npt-y_40_NPTY.log|melting-npt-y_40_NPTY.cpt|melting-npt-y_40_NPTY.tpr|melting-npt-y_40_NPTY.trr|melting-npt-y_40_NPTY.edr|melting-npt-y_40_NPTY.gro|1660762530.0
phenol|299|30000|keb2|3360|/pfs/proj/nobackup/fs/projnb10/alexandria/spoel/MDBenchmark/melting/phenol/299|melting-npt-y_20_NPTY.log|melting-npt-y_20_NPTY.cpt|melting-npt-y_20_NPTY.tpr|melting-npt-y_20_NPTY.trr|melting-npt-y_20_NPTY.edr|melting-npt-y_20_NPTY.gro|1660903037.0
phenol|304|24000|keb2|3360|/pfs/proj/nobackup/fs/projnb10/alexandria/spoel/MDBenchmark/melting/phenol/304|melting-npt-y_20_NPTY.log|melting-npt-y_20_NPTY.cpt|melting-npt-y_20_NPTY.tpr|melting-npt-y_20_NPTY.trr|melting-npt-y_20_NPTY.edr|melting-npt-y_20_NPTY.gro|1660762574.0
phenol|309|24000|keb2|3360|/pfs/proj/nobackup/fs/projnb10/alexandria/spoel/MDBenchmark/melting/phenol/309|melting-npt-y_20_NPTY.log|melting-npt-y_20_NPTY.cpt|melting-npt-y_20_NPTY.tpr|melting-npt-y_20_NPTY.trr|melting-npt-y_20_NPTY.edr|melting-npt-y_20_NPTY.gro|1660762756.0
phenol|319|24000|keb2|3360|/pfs/proj/nobackup/fs/projnb10/alexandria/spoel/MDBenchmark/melting/phenol/319|melting-npt-y_20_NPTY.log|melting-npt-y_20_NPTY.cpt|melting-npt-y_20_NPTY.tpr|melting-npt-y_20_NPTY.trr|melting-npt-y_20_NPTY.edr|melting-npt-y_20_NPTY.gro|1660762965.0
phenol|329|6000|keb2|3360|/pfs/proj/nobackup/fs/projnb10/alexandria/spoel/MDBenchmark/melting/phenol/329|melting-npt-y_3.log|melting-npt-y_3.cpt|melting-npt-y_3.tpr|melting-npt-y_3.trr|melting-npt-y_3.edr|melting-npt-y_3.gro|1660763180.0
propane|50|40019|keb2|2688|/pfs/proj/nobackup/fs/projnb10/alexandria/spoel/MDBenchmark/melting/propane/50|melting-npt-y_80_NPTY.log|melting-npt-y_80_NPTY.cpt|melting-npt-y_80_NPTY.tpr|melting-npt-y_80_NPTY.trr|melting-npt-y_80_NPTY.edr|melting-npt-y_80_NPTY.gro|1661065138.0
propane|60|161403|keb2|2688|/pfs/proj/nobackup/fs/projnb10/alexandria/spoel/MDBenchmark/melting/propane/60|melting-npt-y_350_NPTY.log|melting-npt-y_350_NPTY.cpt|melting-npt-y_350_NPTY.tpr|melting-npt-y_350_NPTY.trr|melting-npt-y_350_NPTY.edr|melting-npt-y_350_NPTY.gro|1661064777.0
propane|70|90059.2|keb2|2688|/pfs/proj/nobackup/fs/projnb10/alexandria/spoel/MDBenchmark/melting/propane/70|melting-npt-y_180_NPTY.log|melting-npt-y_180_NPTY.cpt|melting-npt-y_180_NPTY.tpr|melting-npt-y_180_NPTY.trr|melting-npt-y_180_NPTY.edr|melting-npt-y_180_NPTY.gro|1661071404.0
propane|80|170060|keb2|2688|/pfs/proj/nobackup/fs/projnb10/alexandria/spoel/MDBenchmark/melting/propane/80|melting-npt-y_280_NPTY.log|melting-npt-y_280_NPTY.cpt|melting-npt-y_280_NPTY.tpr|melting-npt-y_280_NPTY.trr|melting-npt-y_280_NPTY.edr|melting-npt-y_280_NPTY.gro|1661071597.0
propane|90|190059|keb2|2688|/pfs/proj/nobackup/fs/projnb10/alexandria/spoel/MDBenchmark/melting/propane/90|melting-npt-y_280_NPTY.log|melting-npt-y_280_NPTY.cpt|melting-npt-y_280_NPTY.tpr|melting-npt-y_280_NPTY.trr|melting-npt-y_280_NPTY.edr|melting-npt-y_280_NPTY.gro|1661375234.0
propane|100|140000|keb2|2688|/pfs/proj/nobackup/fs/projnb10/alexandria/spoel/MDBenchmark/melting/propane/100|melting-npt-y_320_NPTY.log|melting-npt-y_320_NPTY.cpt|melting-npt-y_320_NPTY.tpr|melting-npt-y_320_NPTY.trr|melting-npt-y_320_NPTY.edr|melting-npt-y_320_NPTY.gro|1661367215.0
pyridine|246|40000|keb2|2880|/pfs/proj/nobackup/fs/projnb10/alexandria/spoel/MDBenchmark/melting/pyridine/246|melting-npt-y_20_NPTY.log|melting-npt-y_20_NPTY.cpt|melting-npt-y_20_NPTY.tpr|melting-npt-y_20_NPTY.trr|melting-npt-y_20_NPTY.edr|melting-npt-y_20_NPTY.gro|1660814661.0
pyridine|256|27000|keb2|2880|/pfs/proj/nobackup/fs/projnb10/alexandria/spoel/MDBenchmark/melting/pyridine/256|melting-npt-y_7_NPTY.log|melting-npt-y_7_NPTY.cpt|melting-npt-y_7_NPTY.tpr|melting-npt-y_7_NPTY.trr|melting-npt-y_7_NPTY.edr|melting-npt-y_7_NPTY.gro|1660814937.0
succinic_acid|384|20000|keb2|2400|/pfs/proj/nobackup/fs/projnb10/alexandria/spoel/MDBenchmark/melting/succinic_acid/384|melting-npt-y_20_NPTY.log|melting-npt-y_20_NPTY.cpt|melting-npt-y_20_NPTY.tpr|melting-npt-y_20_NPTY.trr|melting-npt-y_20_NPTY.edr|melting-npt-y_20_NPTY.gro|1661279848.0
succinic_acid|404|14834|keb2|2400|/pfs/proj/nobackup/fs/projnb10/alexandria/spoel/MDBenchmark/melting/succinic_acid/404|melting-npt-y_20_NPTY.log|melting-npt-y_20_NPTY.cpt|melting-npt-y_20_NPTY.tpr|melting-npt-y_20_NPTY.trr|melting-npt-y_20_NPTY.edr||1661242910.0
succinic_acid|424|13878|keb2|2400|/pfs/proj/nobackup/fs/projnb10/alexandria/spoel/MDBenchmark/melting/succinic_acid/424|melting-npt-y_30_NPTY.log|melting-npt-y_30_NPTY.cpt|melting-npt-y_30_NPTY.tpr|melting-npt-y_30_NPTY.trr|melting-npt-y_30_NPTY.edr|NPT2.gro|1661248818.0
succinic_acid|464|10000|keb2|2400|/pfs/proj/nobackup/fs/projnb10/alexandria/spoel/MDBenchmark/melting/succinic_acid/464|melting-npt-y_50.log|melting-npt-y_50.cpt|melting-npt-y_50.tpr|melting-npt-y_50.trr|melting-npt-y_50.edr|melting-npt-y_50.gro|1661356505.0
succinic_acid|504|368|keb2|2400|/pfs/proj/nobackup/fs/projnb10/alexandria/spoel/MDBenchmark/melting/succinic_acid/504|melting-npt-y_10.log|melting-npt-y_10.cpt|melting-npt-y_10.tpr|melting-npt-y_10.trr|melting-npt-y_10.edr|NPT2.gro|1661344173.0
